filename,title
A川野獅子舞の唄.MP3,A川野獅子舞の唄
B川野獅子舞の唄.MP3,B川野獅子舞の唄
あなたも名人になれる(2003.10笛).MP3,あなたも名人になれる（2003.10 笛）
あなたも明日から名人になれる(2003.10笛と太鼓).MP3,あなたも明日から名人になれる（2003.10 笛と太鼓）
あなたも明日から名人になれる(98'10.18).MP3,あなたも明日から名人になれる（98'10.18）
あなたも明日から名人になれるしょうが(2003.6).MP3,あなたも明日から名人になれる しょうが（2003.6）
しょうが見本原本.MP3,しょうが見本原本
めじしがくし義平.MP3,めじしがくし義平
四本掛り.MP3,四本掛り
大狂い義平.MP3,大狂い義平
弓掛りあまやい、竿掛り.MP3,弓掛り・あまやい・竿掛り
解説入りの四本掛り.MP3,解説入りの四本掛り
解説入りの女獅子隠し.MP3,解説入りの女獅子隠し
解説入りの竿掛り、解説入りのまり掛り.MP3,解説入りの竿掛り・解説入りのまり掛り
音府用・録音めじしがくし(98.10.18).MP3,音府用・録音めじしがくし（98.10.18）
